cmsid,email,emergency_number,full_name,lobby_id,phone_number,role,sfa_id
ANVT1307,shamim@gmail.com,9876543210,MD SHAMIM ANSARI,ANVT,9087654321,member,SFA2062
ANVT1362,anil@gmail.com,9876543211,ANIL KUMAR,ANVT,9087654322,member,SFA2086
ANVT1353,shubhram@gmail.com,9876543212,SHUBHRAM PANDEY,ANVT,9087654323,member,SFA2130
ANVT1397,sadanand@gmail.com,9876543213,SADANAND CHAURASIA,ANVT,9087654324,member,SFA2138
ANVT1368,dinesh@gmail.com,9876543214,DINESH CHANDR,ANVT,9087654325,member,SFA2288
ANVT1380,ravi1@gmail.com,9876543215,RAVI KUMAR,ANVT,9087654326,member,SFA2351
ANVT1361,shyam@gmail.com,9876543216,SHYAM SUNDER,ANVT,9087654327,member,SFA2368
ANVT1309,deepak@gmail.com,9876543217,DEEPAK PRAJAPATI,ANVT,9087654328,member,SFA4128
ANVT1372,sushil1@gmail.com,9876543218,SUSHIL KUMAR /SS,ANVT,9087654329,member,SFA4287
ANVT1322,komal@gmail.com,9876543219,KOMAL SINGH,ANVT,9087654330,member,SFA5021
ANVT1286,maulesh@gmail.com,9876543220,MAULESH KUMAR,ANVT,9087654331,member,SFA8002
ANVT1295,ramanand@gmail.com,9876543221,RAMANAND KUMAR,ANVT,9087654332,member,SFA8008
ANVT1314,nitin@gmail.com,9876543222,NITIN KUMAR,ANVT,9087654333,member,SFA8010
ANVT1313,manoj1@gmail.com,9876543223,MANOJ KUMAR,ANVT,9087654334,member,SFA8011
ANVT1320,ram@gmail.com,9876543224,RAM SAKAL,ANVT,9087654335,member,SFA8013
ANVT1234,pramod@gmail.com,9876543225,PRAMOD KUMAR,ANVT,9087654336,member,SFA8014
ANVT1274,seeta@gmail.com,9876543226,SEETA RAM MEENA,ANVT,9087654337,member,SFA8018
ANVT1298,naveen1@gmail.com,9876543227,NAVEEN KUMAR,ANVT,9087654338,member,SFA8019
ANVT1288,quadir@gmail.com,9876543228,MD QUADIR NAUMAN,ANVT,9087654339,member,SFA8021
ANVT1326,harendra1@gmail.com,9876543229,HARENDRA KUMAR,ANVT,9087654340,member,SFA8022
ANVT1296,nitish@gmail.com,9876543230,NITISH KUMAR BR,ANVT,9087654341,member,SFA8024
ANVT1303,akhilesh1@gmail.com,9876543231,AKHILESH KUMAR VERMA,ANVT,9087654342,member,SFA8025
ANVT1144,sunil1@gmail.com,9876543232,SUNIL KUMAR BR,ANVT,9087654343,member,SFA8026
ANVT1311,subhash@gmail.com,9876543233,SUBHASH CHAND,ANVT,9087654344,member,SFA8036
ANVT1277,tarun@gmail.com,9876543234,TARUN KUMAR,ANVT,9087654345,member,SFA8037
ANVT1327,rupesh@gmail.com,9876543235,RUPESH KUMAR,ANVT,9087654346,member,SFA8039
ANVT1287,harendra2@gmail.com,9876543236,HARENDRA KUMAR,ANVT,9087654347,member,SFA8040
ANVT1329,pushpendra@gmail.com,9876543237,PUSHPENDRA CHAUDHARY,ANVT,9087654348,member,SFA8041
ANVY1331,vijay@gmail.com,9876543238,VIJAY KUMAR,ANVT,9087654349,member,SFA8043
ANVT1308,birendra1@gmail.com,9876543239,BIRENDRA SINGH,ANVT,9087654350,member,SFA8045
ANVT1318,prem@gmail.com,9876543240,PREM CHAND,ANVT,9087654351,member,SFA8046
ANVT1302,manendra@gmail.com,9876543241,MANENDRA SINGH,ANVT,9087654352,member,SFA8047
ANVT1337,vinod1@gmail.com,9876543242,VINOD KUMAR RK,ANVT,9087654353,member,SFA8048
ANVT1301,mahendra@gmail.com,9876543243,MAHENDRA SINGH,ANVT,9087654354,member,SFA8049
ANVT1290,akil@gmail.com,9876543244,AKIL KHAN,ANVT,9087654355,member,SFA8050
ANVT1336,satish1@gmail.com,9876543245,SATISH KUMAR,ANVT,9087654356,member,SFA8051
ANVT1321,bhupendra@gmail.com,9876543246,BHUPENDRA,ANVT,9087654357,member,SFA8052
ANVT1280,amritesh@gmail.com,9876543247,AMRITESH KUMAR,ANVT,9087654358,member,SFA8053
PWL1147,brijpal@gmail.com,9876543248,BRIJPAL,ANVT,9087654359,member,SFA8054
ANVT1390,ankit1@gmail.com,9876543249,ANKIT,ANVT,9087654360,member,SFA8055
ANVT1398,anand@gmail.com,9876543250,ANAND KUMAR BARI,ANVT,9087654361,member,SFA8056
ANVT1394,rahul1@gmail.com,9876543251,RAHUL KUMAR,ANVT,9087654362,member,SFA8057
ANVT1291,sushant@gmail.com,9876543252,SUSHANT KUMAR,ANVT,9087654363,member,SFA8058
ANVT1334,vipin@gmail.com,9876543253,VIPIN KUMAR,ANVT,9087654364,member,SFA8059
ANVT1332,hemant@gmail.com,9876543254,HEMANT KUMAR NAGAR,ANVT,9087654365,member,SFA9001
ANVT1330,raju@gmail.com,9876543255,RAJU KUMAR BLR,ANVT,9087654366,member,SFA9004
ANVT1328,tripti@gmail.com,9876543256,TRIPTI NARAYAN,ANVT,9087654367,member,SFA9005
ANVT1325,sarvesh@gmail.com,9876543257,SARVESH KUMAR,ANVT,9087654368,member,SFA9007
ANVT1338,ashok1@gmail.com,9876543258,ASHOK KUMAR VERMA,ANVT,9087654369,collection member,SFA9014
ANVT1335,sandeep1@gmail.com,9876543259,SANDEEP SAINI,ANVT,9087654370,member,SFA9019
ANVT1324,vivek@gmail.com,9876543260,VIVEK KUMAR,ANVT,9087654371,member,SFA9023
ANVT1333,shankar@gmail.com,9876543261,SHANKAR KUMAR,ANVT,9087654372,member,SFA9024
ANVT1225,ajay1@gmail.com,9876543262,AJAY KUMAR SHARMA,ANVT,9087654373,member,SFA9029
ANVT1350,manoj2@gmail.com,9876543263,MANOJ SAWLANI,ANVT,9087654374,member,SFA9037
ANVT1351,rahul2@gmail.com,9876543264,RAHUL KUMAR MS,ANVT,9087654375,member,SFA9040
ANVT1352,birendra2@gmail.com,9876543265,BIRENDRA KUMAR GR,ANVT,9087654376,member,SFA9042
DEE1967,sudheer@gmail.com,9876543266,SUDHEER KUMAR SAINI,DEE,9087654377,member,SFA0031
DEE1989,swarnim@gmail.com,9876543267,SWARNIM RAJ,DEE,9087654378,member,SFA0047
DEE1889,vikas1@gmail.com,9876543268,VIKAS SINGH RS,DEE,9087654379,member,SFA0527
DEE1955,shashi@gmail.com,9876543269,SHASHI KANT,DEE,9087654380,member,SFA0529
DEE1952,rajesh1@gmail.com,9876543270,RAJESH KUMAR RS,DEE,9087654381,member,SFA1209
DEE1856,shekhar@gmail.com,9876543271,SHEKHAR KUMAR,DEE,9087654382,member,SFA1261
DEE1987,vinod2@gmail.com,9876543272,VINOD KUMAR/PC,DEE,9087654383,member,SFA1283
DEE1896,vijendra@gmail.com,9876543273,VIJENDRA KUMAR,DEE,9087654384,member,SFA1287
DEE1867,joshi@gmail.com,9876543274,JOSHI PRATAP SINGH,DEE,9087654385,member,SFA2051
DEE1898,shiv@gmail.com,9876543275,SHIV KUMAR PAL,DEE,9087654386,member,SFA2126
DEE1899,amit1@gmail.com,9876543276,AMIT KUMAR/RC,DEE,9087654387,member,SFA2157
DEE1879,satish2@gmail.com,9876543277,SATISH KUMAR/MP,DEE,9087654388,member,SFA3073
DEE1928,ravi2@gmail.com,9876543278,RAVI RANJAN KUMAR,DEE,9087654389,member,SFA3095
DEE1971,maneesh@gmail.com,9876543279,MANEESH KUMAR MEENA,DEE,9087654390,member,SFA3100
DEE1557,suresh1@gmail.com,9876543280,SURESH CHAND MEENA,DEE,9087654391,member,SFA3105
DEE1978,narendra@gmail.com,9876543281,NARENDRA YADAV,DEE,9087654392,member,SFA3127
DEE1852,nagendra@gmail.com,9876543282,NAGENDRA KUMAR,DEE,9087654393,member,SFA3136
DEE1957,dilip@gmail.com,9876543283,DILIP KUMAR,DEE,9087654394,member,SFA3144
DEE1984,manohar@gmail.com,9876543284,MANOHAR LAL MEENA,DEE,9087654395,member,SFA3168
DEE2004,sanjay1@gmail.com,9876543285,SANJAY PRASAD,DEE,9087654396,member,SFA3179
DEE1968,arun@gmail.com,9876543286,ARUN KUMAR RS,DEE,9087654397,member,SFA3185
DEE1990,anuj@gmail.com,9876543287,ANUJ KUMAR YADAV,DEE,9087654398,member,SFA3195
DEE1972,raj1@gmail.com,9876543288,RAJ KUMAR MEENA,DEE,9087654399,member,SFA3197
DEE1973,ravi3@gmail.com,9876543289,RAVI YADAV,DEE,9087654400,member,SFA3200
DEE1970,gaurav@gmail.com,9876543290,GAURAV KUMAR MK,DEE,9087654401,member,SFA3203
DEE1900,rajesh2@gmail.com,9876543291,RAJESH KUMAR MEENA RNM,DEE,9087654402,member,SFA3204
DEE1960,vipendra@gmail.com,9876543292,VIPENDRA KUMAR,DEE,9087654403,member,SFA3205
DEE1907,ashok2@gmail.com,9876543293,ASHOK MALI,DEE,9087654404,member,SFA3234
DEE1974,pawan@gmail.com,9876543294,PAWAN YADAV,DEE,9087654405,member,SFA3363
DEE1814,ashwani1@gmail.com,9876543295,ASHWANI KUMAR,DEE,9087654406,member,SFA4001
DEE1672,akhilesh2@gmail.com,9876543296,AKHILESH KUMAR,DEE,9087654407,member,SFA4002
DEE1593,arjun@gmail.com,9876543297,ARJUN SHARMA,DEE,9087654408,member,SFA4003
DEE1595,ajeet@gmail.com,9876543298,AJEET SINGH,DEE,9087654409,member,SFA4004
DEE1619,abhishek@gmail.com,9876543299,ABHISHEK KUMAR,DEE,9087654410,member,SFA4005
DEE1731,ajay2@gmail.com,9876543300,AJAY KUMAR BDS,DEE,9087654411,member,SFA4006
DEE1760,abhinav@gmail.com,9876543301,ABHINAV TALIYAN,DEE,9087654412,member,SFA4008
DEE1196,ashok3@gmail.com,9876543302,ASHOK KUMAR MEENA,DEE,9087654413,member,SFA4009
DEE1309,sanjeev@gmail.com,9876543303,SANJEEV KUMAR,DEE,9087654414,member,SFA4010
DEE1853,alok@gmail.com,9876543304,ALOK KUMAR,DEE,9087654415,member,SFA4011
DEE1631,ashok4@gmail.com,9876543305,ASHOK KUMAR,DEE,9087654416,member,SFA4012
DEE1514,amar1@gmail.com,9876543306,AMAR CHAND MEENA PL,DEE,9087654417,member,SFA4013
DEE1680,ajit@gmail.com,9876543307,AJIT KUMAR MEENA RLM,DEE,9087654418,member,SFA4014
DEE1436,babu1@gmail.com,9876543308,BABU LAL MEENA,DEE,9087654419,member,SFA4015
DEE1676,banwari@gmail.com,9876543309,BANWARI LAL MEENA,DEE,9087654420,collection member,SFA4016
DEE1504,bhupender@gmail.com,9876543310,BHUPENDER SINGH NARUKA,DEE,9087654421,member,SFA4017
DEE1490,babu2@gmail.com,9876543311,BABU LAL/RL,DEE,9087654422,member,SFA4018
DEE1559,balram@gmail.com,9876543312,BALRAM MEENA,DEE,9087654423,member,SFA4019
DEE1353,deepak1@gmail.com,9876543313,DEEPAK KUMAR AS,DEE,9087654424,member,SFA4021
DEE1517,deveesahay@gmail.com,9876543314,DEVEESAHAY MEENA,DEE,9087654425,member,SFA4022
DEE1611,deepak2@gmail.com,9876543315,DEEPAK YADAV,DEE,9087654426,member,SFA4025
DEE1825,gopal@gmail.com,9876543316,GOPAL RAM SWAMI,DEE,9087654427,member,SFA4027
DEE1744,harkesh@gmail.com,9876543317,HARKESH MEENA,DEE,9087654428,member,SFA4029
DEE1540,hans@gmail.com,9876543318,HANS RAJ MEENA,DEE,9087654429,member,SFA4030
DEE1311,harikesh@gmail.com,9876543319,HARIKESH MEENA,DEE,9087654430,member,SFA4031
DEE1656,hari@gmail.com,9876543320,HARI MOHAN MEENA,DEE,9087654431,member,SFA4032
DEE1411,jitendra@gmail.com,9876543321,JITENDRA KUMAR,DEE,9087654432,member,SFA4035
DEE1625,kavindra@gmail.com,9876543322,KAVINDRA SONI,DEE,9087654433,member,SFA4036
DEE1236,kamlesh1@gmail.com,9876543323,KAMLESH KUMAR MEENA,DEE,9087654434,collection member,SFA4037
DEE1633,ajay3@gmail.com,9876543324,AJAY KUMAR GOSVAMI,DEE,9087654435,member,SFA4038
DEE1798,kanti@gmail.com,9876543325,KANTI PRASAD BAIRWA,DEE,9087654436,member,SFA4039
DEE1785,kamal@gmail.com,9876543326,KAMAL CHAND MEENA,DEE,9087654437,member,SFA4040
DEE1588,sudesh@gmail.com,9876543327,SUDESH KUMAR,DEE,9087654438,member,SFA4041
DEE1788,kamlesh2@gmail.com,9876543328,KAMLESH KUMAR KOLI,DEE,9087654439,member,SFA4042
DEE1789,lalit@gmail.com,9876543329,LALIT KISHOR,DEE,9087654440,member,SFA4043
DEE1494,mahesh@gmail.com,9876543330,MAHESH KUMAR MEENA,DEE,9087654441,member,SFA4045
DEE1597,mandeep@gmail.com,9876543331,MANDEEP SINGH,DEE,9087654442,member,SFA4047
DEE1642,mahendra1@gmail.com,9876543332,MAHENDRA KUMAR VERMA,DEE,9087654443,member,SFA4048
DEE1922,sunil2@gmail.com,9876543333,SUNIL KUMAR,DEE,9087654444,member,SFA4050
DEE1818,manoj3@gmail.com,9876543334,MANOJ KUMAR SHARMA,DEE,9087654445,member,SFA4051
DEE1776,manoj4@gmail.com,9876543335,MANOJ KUMAR MEENA,DEE,9087654446,member,SFA4052
DEE1351,nand1@gmail.com,9876543336,NAND KISHOR,DEE,9087654447,member,SFA4053
DEE1842,naveen2@gmail.com,9876543337,NAVEEN KUMAR MEENA,DEE,9087654448,member,SFA4054
DEE1432,narayan@gmail.com,9876543338,NARAYAN JEE,DEE,9087654449,member,SFA4056
DEE1467,sudhir1@gmail.com,9876543339,SUDHIR SINGH,DEE,9087654450,member,SFA4057
DEE1415,naveen3@gmail.com,9876543340,NAVEEN KUMAR,DEE,9087654451,member,SFA4059
DEE1315,naresh@gmail.com,9876543341,NARESH KUMAR YADAV,DEE,9087654452,member,SFA4060
DEE1693,nishant@gmail.com,9876543342,NISHANT SINGH,DEE,9087654453,member,SFA4062
DEE1139,pradeep1@gmail.com,9876543343,PRADEEP KUMAR,DEE,9087654454,collection member,SFA4064
DEE1609,pradeep2@gmail.com,9876543344,PRADEEP KUMAR MEENA,DEE,9087654455,member,SFA4065
DEE1115,pradeep3@gmail.com,9876543345,PRADEEP SINGH NEGI,DEE,9087654456,member,SFA4066
DEE1752,prateek@gmail.com,9876543346,PRATEEK YADAV,DEE,9087654457,member,SFA4067
DEE1771,pradeep4@gmail.com,9876543347,PRADEEP Kumar/ HS,DEE,9087654458,member,SFA4068
DEE1790,prashant@gmail.com,9876543348,PRASHANT GAHLOT,DEE,9087654459,member,SFA4069
DEE1511,richhipal@gmail.com,9876543349,RICHHIPAL MEENA,DEE,9087654460,member,SFA4071
DEE1730,raj2@gmail.com,9876543350,RAJ KUMAR MEENA,DEE,9087654461,member,SFA4072
DEE1649,roshan@gmail.com,9876543351,ROSHAN KUMAR SINHA,DEE,9087654462,member,SFA4073
DEE1473,ramesh@gmail.com,9876543352,RAMESH KUMAR SINGH,DEE,9087654463,member,SFA4074
DEE1373,rupesh1@gmail.com,9876543353,RUPESH KUMAR,DEE,9087654464,member,SFA4075
DEE 1138,ramkesh1@gmail.com,9876543354,RAMKESH MEENA,DEE,9087654465,member,SFA4076
DEE1877,rajesh3@gmail.com,9876543355,RAJESH KUMAR/SS,DEE,9087654466,member,SFA4077
DEE1769,ravi4@gmail.com,9876543356,RAVI KUMAR DK,DEE,9087654467,member,SFA4078
DEE1290,randhir@gmail.com,9876543357,RANDHIR KUMAR,DEE,9087654468,member,SFA4079
DEE1819,rinku@gmail.com,9876543358,RINKU KUMAR MEENA,DEE,9087654469,member,SFA4080
DEE1434,ramavtar@gmail.com,9876543359,RAMAVTAR,DEE,9087654470,member,SFA4081
DEE1761,ramkesh2@gmail.com,9876543360,RAMKESH MEENA HM,DEE,9087654471,member,SFA4082
DEE1756,rohit@gmail.com,9876543361,ROHIT KUMAR,DEE,9087654472,member,SFA4083
DEE1701,rohitashw@gmail.com,9876543362,ROHITASHW KUMAR DADRWAL,DEE,9087654473,member,SFA4084
DEE1572,rajesh4@gmail.com,9876543363,RAJESH KUMAR RCM,DEE,9087654474,member,SFA4085
DEE1694,rajesh5@gmail.com,9876543364,RAJESH KUMAR MEENA,DEE,9087654475,member,SFA4086
DEE1682,rajendra@gmail.com,9876543365,RAJENDRA KUMAR MEENA BSM,DEE,9087654476,member,SFA4087
DEE1069,ram1@gmail.com,9876543366,RAM DHAN MEENA,DEE,9087654477,member,SFA4088
DEE1530,rakesh@gmail.com,9876543367,RAKESH KUMAR MEENA,DEE,9087654478,member,SFA4089
DEE1090,sahaj@gmail.com,9876543368,SAHAJ RAM,DEE,9087654479,member,SFA4090
DEE1551,suresh2@gmail.com,9876543369,SURESH CHAND MEENA RK,DEE,9087654480,member,SFA4092
DEE1201,shivlahari@gmail.com,9876543370,SHIVLAHARI MEENA,DEE,9087654481,collection member,SFA4093
DEE1671,sanjay2@gmail.com,9876543371,SANJAY KUMAR SINGH,DEE,9087654482,member,SFA4094
DEE1097,santosh@gmail.com,9876543372,SANTOSH KUMAR SADA,DEE,9087654483,member,SFA4095
DEE1535,shivram@gmail.com,9876543373,SHIVRAM MEENA,DEE,9087654484,member,SFA4096
DEE1191,sushil2@gmail.com,9876543374,SUSHIL KUMAR,DEE,9087654485,member,SFA4098
CMS1105,sanjay3@gmail.com,9876543375,SANJAY KUMAR RD,DEE,9087654486,member,SFA4099
DEE1779,shailesh@gmail.com,9876543376,SHAILESH KUMAR,DEE,9087654487,member,SFA4100
DEE1691,satyabhan@gmail.com,9876543377,SATYABHAN,DEE,9087654488,member,SFA4101
DEE1297,sanjay4@gmail.com,9876543378,SANJAY KUMAR/PR,DEE,9087654489,member,SFA4103
DEE1123,satya@gmail.com,9876543379,SATYA PRAKASH GUPTA,DEE,9087654490,member,SFA4105
DEE1641,sandeep2@gmail.com,9876543380,SANDEEP KUMAR,DEE,9087654491,collection member,SFA4106
DEE1508,sant@gmail.com,9876543381,SANT RAM MEENA,DEE,9087654492,member,SFA4107
DEE1205,sham@gmail.com,9876543382,SHAM SHER SINGH,DEE,9087654493,member,SFA4108
DEE1409,sudhir2@gmail.com,9876543383,SUDHIR KUMAR PS,DEE,9087654494,member,SFA4109
DEE1650,sandeep3@gmail.com,9876543384,SANDEEP VERMA,DEE,9087654495,member,SFA4110
DEE1296,udai@gmail.com,9876543385,UDAI LAL MEENA,DEE,9087654496,member,SFA4112
DEE1739,vinay@gmail.com,9876543386,VINAY KUMAR,DEE,9087654497,member,SFA4113
DEE1665,veer@gmail.com,9876543387,VEER SINGH,DEE,9087654498,member,SFA4114
DEE1217,vinod3@gmail.com,9876543388,VINOD KUMAR,DEE,9087654499,member,SFA4115
DEE1486,vikram@gmail.com,9876543389,VIKRAM KUMAR,DEE,9087654500,member,SFA4117
DEE1808,vikas2@gmail.com,9876543390,VIKAS SAINI,DEE,9087654501,member,SFA4118
DEE1651,vikas3@gmail.com,9876543391,VIKAS SINGH,DEE,9087654502,member,SFA4119
DEE1758,vinod4@gmail.com,9876543392,VINOD KUMAR SAH,DEE,9087654503,member,SFA4120
DEE1438,vimal@gmail.com,9876543393,VIMAL KUMAR MEENA,DEE,9087654504,member,SFA4121
DEE1100,amit2@gmail.com,9876543394,AMIT KUMAR,DEE,9087654505,member,SFA4123
DEE1502,nand2@gmail.com,9876543395,NAND KISHOR MEENA,DEE,9087654506,member,SFA4125
DEE1770,ashwani2@gmail.com,9876543396,ASHWANI KUMAR BP,DEE,9087654507,member,SFA4126
DEE1630,happy@gmail.com,9876543397,HAPPY JAJORIA,DEE,9087654508,member,SFA4127
DEE1868,akshay@gmail.com,9876543398,Akshay,DEE,9087654509,member,SFA4129
DEE1453,geela@gmail.com,9876543399,GEELA RAM MEENA,DEE,9087654510,member,SFA4130
DEE1738,sidhnath@gmail.com,9876543400,SIDHNATH PAL,DEE,9087654511,member,SFA4131
DEE1635,mitesh@gmail.com,9876543401,MITESH SAINI,DEE,9087654512,collection member,SFA4134
DEE1614,ankit2@gmail.com,9876543402,ANKIT KUMAR,DEE,9087654513,member,SFA4135
DEE1433,ejaz@gmail.com,9876543403,EJAZ AKHTAR,DEE,9087654514,member,SFA4137
DEE1592,dharma@gmail.com,9876543404,DHARMA CHAND MEENA,DEE,9087654515,member,SFA4138
DEE1111,bhawani@gmail.com,9876543405,BHAWANI SHANKAR MEENA,DEE,9087654516,member,SFA4139